권역ID,권역코드,권역명,연간예측수요량,현재고량,안전재고량,목표재고량,목표재고충족률(%),현재재고상태,재고상태코드,운송가능량,평균리드타임(시간),정책형리스크기준일자,정책형리스크지수,정책형리스크등급,주요원인1,주요원인1점수,주요원인2,주요원인2점수,주요원인3,주요원인3점수,주요원인4,주요원인4점수,AI추천1,AI추천2
National,National,전국 통합,5688488.695,408477.104,77249.588,647528.611,63.08,부족,danger,11287.058,5.68,2026-10-28,66.0,높음 (High Risk),목표재고 미달,96.0,안전재고 미달,66.0,과소예측 위험,83.0,원자재 공급 차질,30.0,S2 내부대응 - 권역 재고 재배분 추천,S3 통합대응 - 권역 재고 재배분 및 원료 추가 발주 추천
Seoul,Zone1,서울권,1579638.426,41340.887,26160.776,206704.434,20.00,부족,danger,0.000,1.76,2026-10-28,66.0,높음 (High Risk),목표재고 미달,96.0,안전재고 미달,66.0,과소예측 위험,83.0,원자재 공급 차질,30.0,S2 내부대응 - 권역 재고 재배분 추천,S3 통합대응 - 권역 재고 재배분 및 원료 추가 발주 추천
Gyeonggi,Zone2,경기인천수도권,1901464.984,91093.906,22139.753,202430.903,45.00,부족,danger,0.000,1.36,2026-10-28,60.0,높음 (High Risk),목표재고 미달,96.0,안전재고 미달,60.0,권역 구조 위험,85.0,원자재 공급 차질,30.0,S2 내부대응 - 권역 재고 재배분 추천,S3 통합대응 - 권역 재고 재배분 및 원료 추가 발주 추천
Gangwon,Zone3,강원권,101480.415,11386.065,1071.096,10843.871,105.00,적정,safe,0.000,1.86,2026-10-28,60.0,높음 (High Risk),목표재고 미달,97.0,안전재고 미달,65.0,권역 구조 위험,76.0,원자재 공급 차질,30.0,S2 내부대응 - 권역 재고 재배분 추천,S3 통합대응 - 권역 재고 재배분 및 원료 추가 발주 추천
Chungcheong,Zone4,대전세종충청권,457199.094,53486.398,6382.665,48623.998,110.00,적정,safe,0.000,0.98,2026-10-28,61.0,높음 (High Risk),목표재고 미달,95.0,안전재고 미달,62.0,권역 구조 위험,70.0,원자재 공급 차질,30.0,S2 내부대응 - 권역 재고 재배분 추천,S3 통합대응 - 권역 재고 재배분 및 원료 추가 발주 추천
Honam,Zone5,광주전북전남권,518294.646,70700.004,6100.548,56560.003,125.00,과잉,warning,2828.000,2.91,2026-10-28,64.0,높음 (High Risk),목표재고 미달,96.0,안전재고 미달,66.0,권역 구조 위험,67.0,원자재 공급 차질,30.0,S2 내부대응 - 권역 재고 재배분 추천,S3 통합대응 - 권역 재고 재배분 및 원료 추가 발주 추천
Daegu,Zone6,대구경북권,257410.347,20127.263,4655.652,28753.232,70.00,부족,danger,0.000,2.76,2026-10-28,63.0,높음 (High Risk),목표재고 미달,93.0,안전재고 미달,57.0,권역 구조 위험,76.0,과소예측 위험,67.0,S2 내부대응 - 권역 재고 재배분 추천,S3 통합대응 - 권역 재고 재배분 및 원료 추가 발주 추천
Busan,Zone7,부산울산경남권,790168.372,109967.754,8914.627,84590.580,130.00,과잉,warning,8459.058,3.85,2026-10-28,63.0,높음 (High Risk),목표재고 미달,96.0,안전재고 미달,62.0,권역 구조 위험,81.0,원자재 공급 차질,30.0,S2 내부대응 - 권역 재고 재배분 추천,S3 통합대응 - 권역 재고 재배분 및 원료 추가 발주 추천
Jeju,Zone8,제주권,82832.411,10374.827,1824.470,9021.589,115.00,적정,safe,0.000,30.00,2026-10-28,65.0,높음 (High Risk),목표재고 미달,89.0,안전재고 미달,48.0,권역 구조 위험,100.0,원자재 공급 차질,30.0,S2 내부대응 - 권역 재고 재배분 추천,S3 통합대응 - 권역 재고 재배분 및 원료 추가 발주 추천
